episode_code,season,title,n_aired_episodes,friends_lines_total,friends_words_total,phoebe_lines,phoebe_words,phoebe_line_share_pct,phoebe_word_share_pct,rachel_lines,rachel_words,ross_lines,ross_words,chandler_lines,chandler_words,monica_lines,monica_words,joey_lines,joey_words
0101,1,The One Where Monica Gets a New Roomate (The Pilot-The Uncut Version),1,265,3064,19,263,7.17,8.58,48,782,47,511,39,393,73,703,39,412
0102,1,The One With The Sonogram at the End,1,167,1705,14,115,8.38,6.74,38,404,63,654,16,232,28,241,8,59
0103,1,The One With The Thumb,1,213,2087,38,463,17.84,22.18,26,204,33,305,36,462,52,466,28,187
0104,1,The One With George Stephanopoulos,1,217,2156,31,310,14.29,14.38,43,502,40,397,32,353,47,397,24,197
0105,1,The One With the East German Laundry Detergent,1,204,2141,23,207,11.27,9.67,37,371,40,530,35,339,33,309,36,385
0106,1,The One With The Butt,1,169,2109,10,173,5.92,8.2,15,158,22,214,58,836,34,370,30,358
0107,1,The One With the Blackout,1,195,1830,24,293,12.31,16.01,43,320,53,473,25,363,23,141,27,240
0108,1,The One Where Nana Dies Twice,1,164,1400,16,158,9.76,11.29,18,153,48,440,37,347,34,230,11,72
0109,1,The One Where Underdog Gets Away,1,197,2187,20,224,10.15,10.24,35,435,36,422,26,379,48,467,32,260
0110,1,The One With The Monkey,1,169,1828,49,495,28.99,27.08,18,259,29,400,31,395,23,141,19,138
0111,1,The One With Mrs. Bing,1,236,2071,40,304,16.95,14.68,19,200,62,553,42,353,41,327,32,334
0112,1,The One With the Dozen Lasagnas,1,218,2034,42,325,19.27,15.98,37,363,51,515,33,273,23,279,32,279
0113,1,The One With the Boobies,1,162,1555,27,268,16.67,17.23,27,246,12,128,35,325,18,110,43,478
0114,1,The One With the Candy Hearts,1,134,1496,11,156,8.21,10.43,19,147,22,420,40,357,21,170,21,246
0115,1,The One With the Stoned Guy,1,209,2181,30,314,14.35,14.4,33,188,38,337,36,591,40,458,32,293
0116,1,"The One With Two Parts, part 1",1,186,1992,38,434,20.43,21.79,22,236,32,379,51,596,17,137,26,210
0117,1,"The One With Two Parts, Part 2",1,221,2009,32,231,14.48,11.5,53,491,34,396,20,180,56,497,26,214
0118,1,The One With All The Poker,1,263,2269,35,259,13.31,11.41,69,682,62,486,32,287,39,317,26,238
0119,1,The One Where the Monkey Gets Away,1,202,2265,23,160,11.39,7.06,57,742,50,706,18,203,37,293,17,161
0120,1,The One With the Evil Orthodontist,1,191,2033,18,125,9.42,6.15,57,693,20,184,42,480,31,239,23,312
0121,1,The One With The Fake Monica,1,164,1707,14,110,8.54,6.44,30,287,29,409,20,164,51,556,20,181
0122,1,The One With The Ick Factor,1,239,1966,42,418,17.57,21.26,34,219,36,344,57,422,48,422,22,141
0123,1,The One With the Birth,1,163,1645,19,287,11.66,17.45,22,194,56,541,21,178,20,179,25,266
0124,1,The One Where Rachel Finds Out,1,226,2282,22,205,9.73,8.98,53,612,37,363,35,250,38,357,41,495
0201,2,The One With Ross' New Girlfriend,1,200,2222,33,453,16.5,20.39,46,498,45,489,27,296,27,214,22,272
0202,2,The One With the Breast Milk,1,151,1667,21,187,13.91,11.22,35,367,23,221,15,190,32,412,25,290
0203,2,The One Where Mr. Heckles Dies,1,178,2150,29,472,16.29,21.95,28,242,22,241,45,610,30,333,24,252
0204,2,The One With Phoebe's Husband,1,171,2295,33,424,19.3,18.47,47,831,45,426,17,166,16,221,13,227
0205,2,The One With Five Steaks and an Eggplant,1,243,2215,25,258,10.29,11.65,31,216,56,497,63,641,38,376,30,227
0206,2,The One With the Baby on the Bus,1,182,2057,34,494,18.68,24.02,24,258,31,353,35,323,26,297,32,332
0207,2,The One Where Ross Finds Out,1,185,2388,23,381,12.43,15.95,61,880,38,426,25,384,20,152,18,165
0208,2,The One With the Last,1,187,2253,19,275,10.16,12.21,42,495,48,631,21,327,39,337,18,188
0209,2,The One With Phoebe's Dad,1,210,2296,50,654,23.81,28.48,26,320,37,475,31,267,32,299,34,281
0210,2,The One With Russ,1,233,2344,38,297,16.31,12.67,38,326,39,356,36,382,48,500,34,483
0211,2,The One With the Lesbian Wedding,1,171,2018,28,423,16.37,20.96,36,339,40,339,20,233,29,390,18,294
0212-0213,2,The One After the Superbowl,2,326,3510,48,478,14.72,13.62,51,546,49,600,69,817,46,421,63,648
0214,2,The One With the Prom Video,1,188,2345,16,193,8.51,8.23,29,267,43,595,36,710,43,357,21,223
0215,2,The One Where Ross and Rachel...You Know,1,206,1851,16,177,7.77,9.56,52,467,55,504,19,207,46,358,18,138
0216,2,The One Where Joey Moves Out,1,200,2065,28,335,14.0,16.22,28,250,22,234,42,417,34,315,46,514
0217,2,The One Where Eddie Moves In,1,208,2436,33,583,15.87,23.93,18,196,40,454,37,383,42,376,38,444
0218,2,The One Where Dr. Remore Dies,1,169,1947,20,323,11.83,16.59,31,311,30,251,37,418,34,311,17,333
0219,2,The One Where Eddie Won't Go,1,213,2112,20,221,9.39,10.46,25,270,37,391,42,406,30,175,59,649
0220,2,The One Where Old Yeller Dies,1,226,2837,26,465,11.5,16.39,47,502,59,698,27,308,42,522,25,342
0221,2,The One With the Two Bullies,1,222,2359,44,611,19.82,25.9,35,241,42,439,42,379,26,380,33,309
0222,2,The One With the Two Parties,1,167,2432,22,330,13.17,13.57,30,533,31,428,29,372,39,553,16,216
0223,2,The One With the Chicken Pox,1,172,2143,37,553,21.51,25.8,18,219,15,121,31,403,38,432,33,415
0224,2,The One With Barry and Mindy's Wedding,1,154,2031,23,380,14.94,18.71,33,415,21,258,25,239,33,415,19,324
0301,3,The One With the Princess Leia Fantasy,1,214,2161,19,331,8.88,15.32,39,322,49,411,41,374,30,280,36,443
0302,3,The One Where No-one's Ready,1,263,2822,29,270,11.03,9.57,45,397,77,929,42,431,33,497,37,298
0303,3,The One With the Jam,1,201,2265,37,593,18.41,26.18,31,217,35,344,27,321,34,430,37,360
0304,3,The One With The Metaphorical Tunnel,1,196,2435,36,543,18.37,22.3,22,215,21,217,48,623,26,276,43,561
0305,3,The One With Frank Jr.,1,217,2133,55,605,25.35,28.36,26,246,35,317,41,366,25,250,35,349
0306,3,The One With The Flashback,1,220,2156,42,410,19.09,19.02,21,242,32,399,42,431,58,453,25,221
0307,3,The One With The Race Car Bed,1,182,2210,31,368,17.03,16.65,37,475,52,522,12,119,16,149,34,577
0308,3,The One With The Giant Poking Device,1,206,2488,23,320,11.17,12.86,39,375,30,393,44,549,33,348,37,503
0309,3,The One With The Football,1,264,2632,24,209,9.09,7.94,33,256,61,579,42,485,66,720,38,383
0310,3,The One Where Rachel Quits,1,176,2298,20,250,11.36,10.88,32,581,55,701,30,299,15,158,24,309
0311,3,The One Where Chandler Can't Remember Which Sister,1,254,2713,18,164,7.09,6.04,57,554,54,547,52,587,44,417,29,444
0312,3,The One With All The Jealousy,1,185,2025,16,148,8.65,7.31,40,371,48,487,30,476,25,301,26,242
0313,3,The One Where Monica and Richard Are Friends,1,201,2007,25,230,12.44,11.46,37,315,30,200,25,221,51,632,33,409
0314,3,The One With Phoebe's Ex-Partner,1,163,2192,33,534,20.25,24.36,24,367,28,375,30,428,26,202,22,286
0315,3,The One Where Ross and Rachel Take A Break,1,197,2216,33,424,16.75,19.13,46,642,45,437,25,242,27,267,21,204
0316,3,The One The Morning After,1,250,2747,31,253,12.4,9.21,54,666,87,1075,24,236,33,263,21,254
0317,3,The One Without The Ski Trip,1,263,2791,51,627,19.39,22.47,44,382,53,657,39,435,37,307,39,383
0318,3,The One With The Hypnosis Tape,1,161,1724,42,567,26.09,32.89,23,258,19,150,23,175,34,343,20,231
0319,3,The One With The Tiny T-shirt,1,173,1971,16,121,9.25,6.14,35,345,38,382,35,425,19,303,30,395
0320,3,The One With The Dollhouse,1,196,2033,30,262,15.31,12.89,41,364,22,152,35,511,23,248,45,496
0321,3,The One With A Chick. And A Duck,1,299,2609,30,248,10.03,9.51,72,513,70,543,42,461,55,592,30,252
0322,3,The One With The Screamer,1,192,1802,23,325,11.98,18.04,26,164,38,346,21,166,31,203,53,598
0323,3,The One With Ross's Thing,1,175,1976,46,639,26.29,32.34,20,219,34,298,18,200,36,417,21,203
0324,3,The One With The Ultimate Fighting Champion,1,163,1801,35,379,21.47,21.04,30,333,18,228,27,354,42,388,11,119
0325,3,The One At The Beach,1,229,2190,48,687,20.96,31.37,51,371,44,412,30,317,28,172,28,231
0401,4,The One With The Jellyfish,1,186,2077,35,411,18.82,19.79,33,364,44,500,23,239,26,198,25,365
0402,4,The One With The Cat,1,196,2200,25,371,12.76,16.86,41,407,34,393,28,275,40,433,28,321
0403,4,The One With The ‘Cuffs,1,191,2034,22,288,11.52,14.16,43,461,4,45,59,545,38,394,25,301
0404,4,The One With The Ballroom Dancing,1,179,1871,31,468,17.32,25.01,29,184,19,150,26,243,26,216,48,610
0405,4,The One With Joey's New Girlfriend,1,187,1845,26,358,13.9,19.4,28,229,29,285,53,501,31,261,20,211
0406,4,The One With The Dirty Girl,1,205,2228,34,420,16.59,18.85,25,287,28,271,47,478,33,425,38,347
0407,4,The One Where Chandler Crosses A Line,1,209,2308,22,280,10.53,12.13,10,73,27,368,86,810,16,128,48,649
0408,4,The One With Chandler In A Box,1,226,2491,24,315,10.62,12.65,29,266,34,378,44,595,48,425,47,512
0409,4,The One Where They're Gonna PARTY!,1,203,2284,36,358,17.73,15.67,43,471,28,254,24,306,44,598,28,297
0410,4,The One With The Girl From Poughkeepsie,1,191,2549,26,280,13.61,10.98,31,403,19,329,50,637,36,548,29,352
0411,4,The One With Phoebe’s Uterus,1,159,2004,39,525,24.53,26.2,22,224,19,290,27,321,32,285,20,359
0412,4,The One With The Embryos,1,267,2300,28,520,10.49,22.61,51,424,48,448,44,280,55,393,41,235
0413,4,The One With Rachel’s Crush,1,221,2479,32,232,14.48,9.36,49,667,38,220,37,648,30,333,35,379
0414,4,The One With Joey’s Dirty Day,1,246,2618,36,304,14.63,11.61,64,638,25,287,39,555,47,379,35,455
0415,4,The One With All The Rugby,1,173,2034,17,145,9.83,7.13,26,238,42,555,40,525,22,329,26,242
0416,4,The One With The Fake Party,1,195,2079,24,276,12.31,13.28,76,887,28,375,19,109,12,98,36,334
0417,4,The One With The Free Porn,1,208,2257,36,538,17.31,23.84,22,183,43,467,34,308,44,539,29,222
0418,4,The One With Rachel's New Dress,1,180,2146,35,418,19.44,19.48,39,462,38,508,33,350,11,148,24,260
0419,4,The One With All The Haste,1,233,2236,26,260,11.16,11.63,29,278,44,619,53,474,30,220,51,385
0420,4,The One With All The Wedding Dresses,1,232,2196,36,193,15.52,8.79,56,739,41,371,32,289,46,392,21,212
0421,4,The One With the Invitation,1,223,2333,10,100,4.48,4.29,71,889,70,682,29,291,17,155,26,216
0422,4,The One With The Worst Best Man Ever,1,236,2697,34,542,14.41,20.1,31,270,40,490,32,282,33,268,66,845
0423,4,The One With Ross's Wedding Parts I and II,2,374,4236,77,1090,20.59,25.73,60,700,65,705,53,593,49,510,70,638
0501,5,The One After Ross Says Rachel,1,226,2206,12,107,5.31,4.85,45,515,55,537,49,417,43,363,22,267
0502,5,The One With All The Kissing,1,232,2398,24,228,10.34,9.51,61,720,40,431,29,268,49,562,29,189
0503,5,The One Hundredth,1,181,1787,52,586,28.73,32.79,33,384,16,105,30,274,26,203,24,235
0504,5,The One Where Phoebe Hates PBS,1,191,2227,29,413,15.18,18.55,18,276,36,529,31,359,42,290,35,360
0505,5,The One With All the Kips,1,251,2344,17,136,6.77,5.8,41,431,35,416,59,457,58,539,41,365
0506,5,The One With The Yeti,1,197,2312,28,371,14.21,16.05,37,421,38,519,19,157,35,330,40,514
0507,5,The One Where Ross Moves In,1,223,2027,24,244,10.76,12.04,33,437,31,373,47,342,34,227,54,404
0508,5,The One With The Thanksgiving Flashbacks,1,186,1894,22,200,11.83,10.56,22,285,27,256,46,433,49,506,20,214
0509,5,The One With Ross's Sandwich,1,208,2177,37,430,17.79,19.75,38,411,38,433,28,208,30,265,37,430
0510,5,The One With The Inappropriate Sister,1,217,2366,31,412,14.29,17.41,30,348,38,449,35,296,31,231,52,630
0511,5,The One With All The Resolutions,1,226,2273,32,351,14.16,15.44,36,384,50,476,18,253,17,188,73,621
0512,5,The One With Chandler's Work Laugh,1,217,2250,20,124,9.22,5.51,38,447,33,397,42,452,53,596,31,234
0513,5,The One With Joey's Bag,1,207,2119,61,691,29.47,32.61,24,250,15,110,34,271,30,279,43,518
0514,5,The One Where Everyone Finds Out,1,259,2392,63,650,24.32,27.17,48,414,28,370,58,449,33,238,29,271
0515,5,The One With The Girl Who Hits Joey,1,200,2344,25,410,12.5,17.49,24,287,47,445,42,531,34,405,28,266
0516,5,The One With A Cop,1,216,2132,38,473,17.59,22.19,41,326,41,370,29,324,23,158,44,481
0517,5,The One With Rachel's Inadvertant Kiss,1,188,2262,24,263,12.77,11.63,37,656,17,112,30,328,52,512,28,391
0518,5,The One Where Rachel Smokes,1,222,2230,25,244,11.26,10.94,40,534,43,332,28,195,26,251,60,674
0519,5,The One Where Ross Can't Flirt,1,268,2489,45,329,16.79,13.22,48,536,52,495,56,536,39,317,28,276
0520,5,The One With The Ride Along,1,223,2257,11,112,4.93,4.96,50,476,51,532,43,314,25,458,43,365
0521,5,The One With The Ball,1,240,2441,56,518,23.33,21.22,41,545,34,295,39,374,40,473,30,236
0522,5,The One With Joey's Big Break,1,309,2747,50,504,16.18,18.35,54,333,37,304,49,489,47,372,72,745
0523,5,The One In Vegas,2,473,4479,87,778,18.39,17.37,67,634,68,740,100,765,82,711,69,851
0601,6,The One After Vegas,1,241,2406,40,469,16.6,19.49,32,312,35,356,54,442,46,402,34,425
0602,6,The One Where Ross Hugs Rachel,1,227,2758,40,538,17.62,19.51,44,452,44,563,29,300,55,679,15,226
0603,6,The One With Ross’s Denial,1,236,3088,31,399,13.14,12.92,41,497,58,782,43,523,35,366,28,521
0604,6,The One Where Joey Loses His Insurance,1,213,2386,31,367,14.55,15.38,41,302,37,670,31,271,26,162,47,614
0605,6,The One With Joey’s Porsche,1,212,2789,32,566,15.09,20.29,43,602,37,421,36,436,29,323,35,441
0606,6,The One The Last Night,1,254,2894,35,474,13.78,16.38,41,422,15,216,62,636,59,596,42,550
0607,6,The One Where Phoebe Runs,1,223,2545,35,295,15.7,11.59,39,348,37,471,47,652,31,345,34,434
0608,6,The One With Ross's Teeth,1,199,2402,26,262,13.07,10.91,41,596,35,269,34,413,29,341,34,521
0609,6,The One Where Ross Got High,1,216,2746,17,331,7.87,12.05,39,553,49,568,35,423,40,498,36,373
0610,6,The One With The Routine,1,181,2178,25,212,13.81,9.73,26,365,31,322,37,445,30,368,32,466
0611,6,The One With The Apothecary Table,1,260,2734,43,482,16.54,17.63,56,617,27,288,34,313,43,350,57,684
0612,6,The One With The Joke,1,233,2857,24,208,10.3,7.28,31,516,33,356,52,585,48,522,45,670
0613,6,The One With Rachel’s Sister,1,200,2130,24,211,12.0,9.91,63,844,27,244,31,304,33,344,22,183
0614,6,The One Where Chandler Can’t Cry,1,208,2448,23,261,11.06,10.66,52,687,37,514,33,306,33,363,30,317
0615-0616,6,The One That Could Have Been,2,483,5074,62,756,12.84,14.9,81,858,90,905,78,833,93,830,79,892
0617,6,The One With The Unagi,1,203,2145,23,164,11.33,7.65,21,184,42,516,56,479,31,364,30,438
0618,6,The One Where Ross Dates A Student,1,228,2510,35,362,15.35,14.42,31,285,41,541,49,459,32,343,40,520
0619,6,The One With Joey’s Fridge,1,259,2634,45,438,17.37,16.63,48,479,55,670,47,370,32,304,32,373
0620,6,The One With Mac and C.H.E.E.S.E.,1,223,2590,24,221,10.76,8.53,19,287,32,210,60,788,23,161,65,923
0621,6,The One Where Ross Meets Elizabeth’s Dad,1,205,2426,27,304,13.17,12.53,41,461,42,553,35,262,27,242,33,604
0622,6,The One Where Paul’s The Man,1,177,1908,31,356,17.51,18.66,40,382,31,354,19,161,30,305,26,350
0623,6,The One With The Ring,1,199,2469,52,596,26.13,24.14,36,641,31,279,51,683,4,56,25,214
0624,6,The One With The Proposal,2,460,4795,62,471,13.48,9.82,87,899,47,552,84,1183,92,1032,88,658
0701,7,The One With Monica’s Thunder,1,262,2716,29,326,11.07,12.0,60,605,48,384,44,457,49,638,32,306
0702,7,The One With Rachel’s Book,1,206,2382,23,292,11.17,12.26,37,419,32,368,37,475,44,501,33,327
0703,7,The One With Phoebe’s Cookies,1,255,2799,29,355,11.37,12.68,53,724,37,338,40,403,41,469,55,510
0704,7,The One With Rachel’s Assistant,1,219,2376,17,161,7.76,6.78,61,696,28,365,39,377,41,296,33,481
0705,7,The One With The Engagement Picture,1,234,2426,47,482,20.09,19.87,55,641,43,468,38,288,23,260,28,287
0706,7,The One With The Nap Partners,1,245,2694,43,343,17.55,12.73,51,701,33,234,37,458,39,516,42,442
0707,7,The One With Ross’s Book,1,195,2041,24,146,12.31,7.15,43,413,21,367,27,294,30,273,50,548
0708,7,The One Where Chandler Doesn’t Like Dogs,1,225,2359,35,369,15.56,15.64,41,516,37,379,49,482,36,345,27,268
0709,7,The One With All The Candy,1,211,2244,40,359,18.96,16.0,37,499,42,425,33,330,40,442,19,189
0710,7,The One With the Holiday Armadillo,1,217,2194,49,509,22.58,23.2,39,402,41,499,46,422,30,277,12,85
0711,7,The One With All The Cheesecake,1,234,2697,57,626,24.36,23.21,37,421,29,365,41,435,29,341,41,509
0712,7,The One Where They’re Up All Night,1,164,2089,15,224,9.15,10.72,29,506,35,473,25,302,25,253,35,331
0713,7,The One Where Rosita Dies,1,230,2561,47,634,20.43,24.76,47,464,45,526,18,202,34,410,39,325
0714,7,The One Where They All Turn Thirty,1,208,2336,38,435,18.27,18.62,45,688,27,246,39,404,31,336,28,227
0715,7,The One With Joey’s New Brain,1,237,2468,46,437,19.41,17.71,64,669,23,231,20,187,22,253,62,691
0716,7,The One With The Truth About London,1,316,3659,27,341,8.54,9.32,66,776,39,452,66,686,63,572,55,832
0717,7,The One With The Cheap Wedding Dress,1,227,2394,18,144,7.93,6.02,17,169,53,627,34,395,47,485,58,574
0718,7,The One With Joey’s Award,1,186,2540,28,425,15.05,16.73,42,445,27,439,9,120,33,545,47,566
0719,7,The One With Ross and Monica’s Cousin,1,216,2313,44,313,20.37,13.53,37,391,21,340,10,108,58,591,46,570
0720,7,The One With Rachel’s Big Kiss,1,229,2566,22,177,9.61,6.9,72,811,18,174,40,400,36,459,41,545
0721,7,The One With The Vows,1,253,2234,37,367,14.62,16.43,34,266,24,190,64,634,55,472,39,305
0722,7,The One With Chandler’s Dad,1,209,2220,28,226,13.4,10.18,48,349,38,389,29,527,31,361,35,368
0723,7,The One With Chandler and Monica’s Wedding,2,413,4457,57,512,13.8,11.49,77,734,81,977,62,658,63,757,73,819
0801,8,"The One After ""I Do""",1,223,2329,43,344,19.28,14.77,46,421,39,413,24,233,46,436,25,482
0802,8,The One With The Red Sweater,1,244,2649,51,572,20.9,21.59,35,441,39,397,43,453,41,434,35,352
0803,8,The One Where Rachel Tells...,1,248,2419,33,262,13.31,10.83,56,507,68,802,22,178,31,339,38,331
0804,8,The One With The Videotape,1,260,2750,18,167,6.92,6.07,60,648,83,829,21,219,33,361,45,526
0805,8,The One With Rachel's Date,1,235,2630,39,405,16.6,15.4,37,392,60,670,26,334,34,369,39,460
0806,8,The One With The Halloween Party,1,214,2139,51,510,23.83,23.84,34,450,26,256,32,228,36,332,35,363
0807,8,The One With The Stain,1,214,2146,33,340,15.42,15.84,41,434,34,290,33,276,42,423,31,383
0808,8,The One With The Stripper,1,197,2244,22,229,11.17,10.2,43,559,36,379,42,392,20,276,34,409
0809,8,The One With The Rumor,1,220,2537,31,284,14.09,11.19,48,550,35,386,16,182,62,769,28,366
0810,8,The One With Monica’s Boots,1,223,2566,50,618,22.42,24.08,42,435,23,189,33,285,38,533,37,506
0811,8,The One With Ross' Big Step Forward,1,174,2156,29,321,16.67,14.89,45,606,42,622,18,270,18,201,22,136
0812,8,The One Where Joey Dates Rachel,1,219,2874,16,186,7.31,6.47,67,836,15,351,25,303,30,384,66,814
0813,8,The One Where Chandler Takes a Bath,1,269,2745,41,415,15.24,15.12,49,395,46,486,51,466,56,542,26,441
0814,8,The One With The Secret Closet,1,252,2735,43,399,17.06,14.59,40,389,28,339,34,413,53,360,54,835
0815,8,The One With The Birthing Video,1,206,2495,25,358,12.14,14.35,26,346,55,711,29,269,30,336,41,475
0816,8,The One Where Joey Tells Rachel,1,203,2444,23,214,11.33,8.76,33,346,36,412,29,328,31,435,51,709
0817,8,The One With The Tea Leaves,1,188,2245,35,486,18.62,21.65,54,600,12,153,23,287,34,415,30,304
0818,8,The One In Massapequa,1,170,2250,40,483,23.53,21.47,33,361,43,551,12,114,25,510,17,231
0819,8,The One With Joey’s Interview,1,198,2204,15,119,7.58,5.4,25,374,27,211,28,208,8,76,95,1216
0820,8,The One With The Baby Shower,1,244,2853,28,320,11.48,11.22,53,715,48,549,33,203,36,515,46,551
0821,8,The One With The Cooking Class,1,218,2490,25,300,11.47,12.05,53,664,47,494,37,361,34,410,22,261
0822,8,The One Where Rachel Is Late,1,222,2603,23,225,10.36,8.64,55,742,45,444,29,262,32,402,38,528
0823,8,The One Where Rachel Has A Baby,2,395,4024,57,615,14.43,15.28,108,1108,96,897,36,372,42,443,56,589
0901,9,The One Where No One Proposes,1,259,2451,31,326,11.97,13.3,61,424,60,613,27,284,26,227,54,577
0902,9,The One Where Emma Cries,1,245,2663,22,283,8.98,10.63,45,589,61,492,28,480,40,328,49,491
0903,9,903 - The One With The Pediatrician,1,228,2262,38,381,16.67,16.84,29,295,35,348,39,389,38,439,49,410
0904,9,904 - The One With The Sharks,1,163,2141,35,596,21.47,27.84,11,148,37,450,16,183,31,374,33,390
0905,9,905 - The One With Phoebe’s Birthday Dinner,1,226,2846,36,520,15.93,18.27,36,416,35,496,46,611,44,507,29,296
0906,9,Untitled Document,1,233,2504,52,581,22.32,23.2,36,309,53,635,31,369,32,375,29,235
0907,9,The One With Ross's Inappropriate Song,1,160,2309,43,565,26.88,24.47,22,397,18,281,31,469,22,261,24,336
0908,9,908 - The One With Rachel's Other Sister,1,186,2326,22,233,11.83,10.02,52,551,19,195,37,620,29,355,27,372
0909,9,FRIENDS,1,231,2375,30,310,12.99,13.05,48,504,36,342,48,495,35,352,34,372
0910,9,Friends 910 - The One With Christmas In Tulsa,1,256,2394,21,153,8.2,6.39,17,182,21,166,118,1306,67,516,12,71
0911,9,FRIENDS - THE ONE WHERE RACHEL GOES BACK TO WORK,1,180,2440,30,310,16.67,12.7,39,566,21,227,31,449,29,488,30,400
0912,9,Untitled Document,1,184,2243,31,437,16.85,19.48,56,744,23,286,25,215,22,217,27,344
0913,9,913 - The One Where Monica Sings,1,238,2601,27,294,11.34,11.3,56,569,54,669,42,438,30,347,29,284
0914,9,914 The One With the Blind Dates,1,247,2523,41,462,16.6,18.31,44,483,32,337,34,339,41,346,55,556
0915,9,Friends - 915 - The One With The Mugging,1,215,2275,43,510,20.0,22.42,10,65,37,446,30,446,39,225,56,583
0916,9,916 - The One With The Boob Job,1,205,2526,55,632,26.83,25.02,22,289,21,335,38,527,37,436,32,307
0917,9,Friends 917 - The One With The Memorial Service,1,228,2632,33,344,14.47,13.07,25,293,38,592,47,582,52,499,33,322
0918,9,Friends - 918 - The one with the lottery,1,269,2806,34,361,12.64,12.87,41,505,48,541,49,491,54,571,43,337
0919,9,Friends 919 - The one with Rachel's dream,1,228,2782,36,465,15.79,16.71,48,466,34,423,33,328,44,555,33,545
0920,9,Friends - 920 - The one with the soap opera party,1,247,2471,21,225,8.5,9.11,60,608,58,678,16,182,54,375,38,403
0921,9,Friends - The one with the fertility test,1,228,2529,38,412,16.67,16.29,37,389,47,553,34,397,29,312,43,466
0922,9,Friends - 922 - The one with the donor,1,232,2489,46,446,19.83,17.92,53,476,22,314,52,638,33,304,26,311
0923-0924,9,Friends - 923-924 - The one in Barbados,2,452,4537,43,433,9.51,9.54,65,495,89,1059,76,798,87,847,92,905
1001,10,1001 - The One After Joey And Rachel Kiss,1,305,2854,47,575,15.41,20.15,64,483,64,627,40,413,43,383,47,373
1002,10,1002 - The One Where Ross Is Fine,1,190,1984,30,301,15.79,15.17,28,210,44,639,25,265,23,192,40,377
1003,10,Friends - 1003 - The One With Ross' Tan,1,230,2172,28,295,12.17,13.58,42,480,33,270,37,317,44,435,46,375
1004,10,Friends - 1004 - The One With The Cake,1,248,2846,33,368,13.31,12.93,49,727,46,446,34,308,37,433,49,564
1005,10,Friends - 10.05 The One Where Rachel's Sister Baby-sits,1,240,2398,36,436,15.0,18.18,76,734,37,274,25,252,29,286,37,416
1006,10,Friends - 10.06 - The One With Ross' Grant,1,229,2237,29,335,12.66,14.98,42,341,54,585,35,356,30,225,39,395
1007,10,Friends - 10.07 The One With The Home Study,1,209,2308,36,522,17.22,22.62,35,355,40,409,41,339,32,410,25,273
1008,10,Friends - 10.08 The One With The Late Thanksgiving,1,324,2984,48,490,14.81,16.42,54,515,55,386,48,545,54,521,65,527
1009,10,Friends - 10.09 - The One With The Birth Mother,1,214,2318,31,278,14.49,11.99,22,315,28,297,42,488,38,430,53,510
1010,10,Friends - 10.10 - The One Where Chandler Gets Caught,1,285,2791,43,483,15.09,17.31,46,464,42,423,56,529,67,671,31,221
1011,10,Friends - 10.11 - The One Where The Stripper Cries,1,245,2115,28,265,11.43,12.53,27,275,63,584,53,398,37,304,37,289
1012,10,Friends - 10.12 - The One With Phoebe's Wedding,1,272,3143,71,923,26.1,29.37,28,269,42,372,41,447,47,605,43,527
1013,10,Friends - 10.13 - The One Where Joey Speaks French,1,281,2286,43,314,15.3,13.74,64,542,74,635,27,251,29,257,44,287
1014,10,Friends - 10.14 - The One With Princess Consuela,1,240,2362,51,411,21.25,17.4,49,431,39,451,29,260,33,299,39,510
1015,10,Friends - 10.15- The One Where Estelle Dies,1,195,2219,28,287,14.36,12.93,32,419,50,509,34,349,22,275,29,380
1016,10,Friends - 10.16 - The One With Rachel's Going Away Party,1,245,2623,30,309,12.24,11.78,44,514,46,505,42,408,54,619,29,268
1017-1018,10,Friends - 10.17-10.18 - The Last One,2,509,4450,85,762,16.7,17.12,73,819,112,792,83,682,72,612,84,783
